{
  "model_metadata": {
    "Rice": {
      "mae": 29.593845180652377,
      "mse": 1163.3575238406845,
      "r2": 0.9056527927131158,
      "training_samples": 52
    },
    "Wheat": {
      "mae": 21.54249607907139,
      "mse": 785.5458733593998,
      "r2": 0.898322629837683,
      "training_samples": 52
    },
    "Sugar": {
      "mae": 8.931677107832883,
      "mse": 120.74731354029063,
      "r2": 0.9005118953013863,
      "training_samples": 52
    }
  },
  "training_date": "2026-01-17T18:13:18.889109",
  "model_type": "rf",
  "items": [
    "Rice",
    "Wheat",
    "Sugar"
  ]
}